[
  {
    "nome": "João Silva",
    "idade": 35,
    "cargo": "Gerente de Vendas",
    "departamento": "Vendas",
    "cidade": "São Paulo",
    "estado": "SP",
    "formatoTrabalho": "Presencial",
    "salario": 5000.0
  },
  {
    "nome": "Maria Santos",
    "idade": 28,
    "cargo": "Analista Financeiro",
    "departamento": "Financeiro",
    "cidade": "Rio de Janeiro",
    "estado": "RJ",
    "formatoTrabalho": "Remoto",
    "salario": 4000.0
  },
  {
    "nome": "Carlos Oliveira",
    "idade": 42,
    "cargo": "Engenheiro de Software",
    "departamento": "TI",
    "cidade": "Belo Horizonte",
    "estado": "MG",
    "formatoTrabalho": "Presencial",
    "salario": 6000.0
  },
  {
    "nome": "Ana Costa",
    "idade": 31,
    "cargo": "Analista de Marketing",
    "departamento": "Marketing",
    "cidade": "Curitiba",
    "estado": "PR",
    "formatoTrabalho": "Remoto",
    "salario": 4500.0
  },
  {
    "nome": "Pedro Ramos",
    "idade": 38,
    "cargo": "Desenvolvedor Front-end",
    "departamento": "TI",
    "cidade": "Porto Alegre",
    "estado": "RS",
    "formatoTrabalho": "Presencial",
    "salario": 5500.0
  },
  {
    "nome": "Fernanda Oliveira",
    "idade": 29,
    "cargo": "Analista de Recursos Humanos",
    "departamento": "Recursos Humanos",
    "cidade": "Fortaleza",
    "estado": "CE",
    "formatoTrabalho": "Remoto",
    "salario": 4200.0
  },
  {
    "nome": "Rodrigo Sousa",
    "idade": 34,
    "cargo": "Analista de Qualidade",
    "departamento": "Qualidade",
    "cidade": "Salvador",
    "estado": "BA",
    "formatoTrabalho": "Presencial",
    "salario": 4800.0
  },
  {
    "nome": "Juliana Martins",
    "idade": 37,
    "cargo": "Coordenador de Projetos",
    "departamento": "Projetos",
    "cidade": "Brasília",
    "estado": "DF",
    "formatoTrabalho": "Remoto",
    "salario": 6000.0
  },
  {
    "nome": "Lucas Pereira",
    "idade": 32,
    "cargo": "Analista de Suporte",
    "departamento": "TI",
    "cidade": "Recife",
    "estado": "PE",
    "formatoTrabalho": "Presencial",
    "salario": 4300.0
  },
  {
    "nome": "Amanda Costa",
    "idade": 27,
    "cargo": "Designer Gráfico",
    "departamento": "Design",
    "cidade": "Manaus",
    "estado": "AM",
    "formatoTrabalho": "Remoto",
    "salario": 4000.0
  },
  {
    "nome": "Rafael Almeida",
    "idade": 36,
    "cargo": "Analista de Sistemas",
    "departamento": "TI",
    "cidade": "Campinas",
    "estado": "SP",
    "formatoTrabalho": "Presencial",
    "salario": 5800.0
  },
  {
    "nome": "Camila Lima",
    "idade": 33,
    "cargo": "Analista de Marketing Digital",
    "departamento": "Marketing",
    "cidade": "Goiânia",
    "estado": "GO",
    "formatoTrabalho": "Remoto",
    "salario": 4500.0
  },
  {
    "nome": "Guilherme Santos",
    "idade": 40,
    "cargo": "Coordenador de Vendas",
    "departamento": "Vendas",
    "cidade": "Natal",
    "estado": "RN",
    "formatoTrabalho": "Presencial",
    "salario": 6500.0
  },
  {
    "nome": "Carolina Silva",
    "idade": 26,
    "cargo": "Analista de RH",
    "departamento": "Recursos Humanos",
    "cidade": "Porto Velho",
    "estado": "RO",
    "formatoTrabalho": "Remoto",
    "salario": 4100.0
  },
  {
    "nome": "Diego Ferreira",
    "idade": 39,
    "cargo": "Gerente de Projetos",
    "departamento": "Projetos",
    "cidade": "Florianópolis",
    "estado": "SC",
    "formatoTrabalho": "Presencial",
    "salario": 6200.0
  }
]
